Workbook
Name LocationList: #REF!

Sheet Location
A1: NAME | B1: CITY | C1: COUNTRY | D1: LATITUDE | E1: LONGITUDE
A2: Brasília Geral | B2: Brasília - DF | C2: Brasil | D2: -15.8117 | E2: -47.9506
A3: Samambaia | B3: Brasília - DF | C3: Brasil | D3: -15.9239 | E3: -48.1719
A4: RNP - Belo Horizonte | B4: Belo Horizonte - MG | C4: Brasil | D4: -19.8692 | E4: -43.9644
A5: Bandeirantes | B5: - | C5: Brasil | D5: -19.9175 | E5: -54.3719
A6: Mirueira | B6: Paulista - PE | C6: Brasil | D6: -7.955 | E6: -34.8917
A7: Banabuiu | B7: Banabuiú - CE | C7: Brasil | D7: -5.30556 | E7: -38.9131
A8: Vitória | B8: Serra - ES | C8: Brasil | D8: -20.1919 | E8: -40.2947
A9: Barreiro | B9: Belo Horizonte - MG | C9: Brasil | D9: -20.0008 | E9: -43.9925
A10: Campos dos Goytacazes | B10: Campos dos Goytacazes - RJ | C10: Brasil | D10: -21.7217 | E10: -41.3397
A11: Campo Maior | B11: Campo Maior - PI | C11: Brasil | D11: -4.81556 | E11: -42.2014
A12: Presidente Tancredo Neves | B12: Presidente Tancredo Neves - BA | C12: Brasil | D12: -13.3692 | E12: -39.3803
A13: Universidade Federal de Mato Grosso do Sul | B13: Campo Grande - MS | C13: Brasil | D13: -20.5025 | E13: -54.6131
... A219: Ariquemes | B219: Ariquemes - RO | C219: Brasil | D219: -9.9275 | E219: -63.0108
A220: Comodoro | D220: -13.9303 | E220: -59.5097
A221: Macapá TIM | B221: Macapá | C221: Brasil | D221: 0.0533333 | E221: -51.0556
A222: Macapá Sub | D222: 0.0988889 | E222: -51.1217
D223: -0.0058333 | E223: -51.0847
D224: -0.811667 | E224: -52.4819
D225: -8.83472 | E225: -63.9394

Sheet Network Elements
A1: ID | B1: CODE | C1: NAME | D1: COLLECTOR IP | E1: COLLECTOR NAME | F1: LOCATION CODE | G1: LOCATION NAME
A2: 1 | B2: 132 | C2: 01-DWRO-CAS01-03-CAMPINAS | D2: 10.66.232.34 | E2: 08.3 - Campinas Rack 5 - Araraquara | F2: SPCAS0PP001 | G2: =IFERROR(VLOOKUP(D2,Location!B:E,7,FALSE),"")
A3: 2 | B3: 133 | C3: 02-DWOA-ARQ01-01-ARARAQUARA | D3: 10.66.232.34 | E3: 08.3 - Campinas Rack 5 - Araraquara | F3: SPARQ0PP001 | G3: =IFERROR(VLOOKUP(D3,Location!B:E,7,FALSE),"")
A4: 3 | B4: 196 | C4: 01-DWRO-JBO01-03-JABOATAO | D4: 10.67.142.34 | E4: 09.2 - Recife - Bongi | F4: PEJBO0PP001 | G4: =IFERROR(VLOOKUP(D4,Location!B:E,7,FALSE),"")
A5: 4 | B5: 197 | C5: 02-DWOA-RCE01-01-BONGI | D5: 10.67.142.34 | E5: 09.2 - Recife - Bongi | F5: PERCE0PP001 | G5: =IFERROR(VLOOKUP(D5,Location!B:E,7,FALSE),"")
A6: 5 | B6: 1023 | C6: 03-DWDT-RCE06-01-CENTRAL-METRO-RECIFE | D6: 10.67.142.34 | E6: 09.2 - Recife - Bongi | F6: PERCE0PM006 | G6: =IFERROR(VLOOKUP(D6,Location!B:E,7,FALSE),"")
A7: 6 | B7: 293 | C7: 01-DWRO-CAS01-01-CAMPINAS | D7: 10.66.226.42 | E7: 08.1 - Campinas - Barueri | F7: SPCAS0PP001 | G7: =IFERROR(VLOOKUP(D7,Location!B:E,7,FALSE),"")
A8: 7 | B8: 294 | C8: 02-DWRO-BRE01-02-BARUERI | D8: 10.66.226.42 | E8: 08.1 - Campinas - Barueri | F8: SPBRE0PP001 | G8: =IFERROR(VLOOKUP(D8,Location!B:E,7,FALSE),"")
A9: 8 | B9: 426 | C9: 01-DWRO-BHE01-01-BARREIRO | D9: 10.79.233.1 | E9: 14.1 - BARREIRO - BETIM | F9: MGBHE0PP001 | G9: =IFERROR(VLOOKUP(D9,Location!B:E,7,FALSE),"")
A10: 9 | B10: 662 | C10: 02-DWRO-BET01-02-REGAP-BETIM | D10: 10.79.233.1 | E10: 14.1 - BARREIRO - BETIM | F10: MGBET0PP001 | G10: =IFERROR(VLOOKUP(D10,Location!B:E,7,FALSE),"")
A11: 10 | B11: 442 | C11: 04-DWRO-BHE01-02-BARREIRO | D11: 10.79.233.33 | E11: BARREIRO - FURNAS | F11: MGBHE0PP001 | G11: =IFERROR(VLOOKUP(D11,Location!B:E,7,FALSE),"")
A12: 11 | B12: 443 | C12: 03-DWOA-DVL01-01-CARMO-DO-CAJURU | D12: 10.79.233.33 | E12: BARREIRO - FURNAS | F12: MGDVL0PP001 | G12: =IFERROR(VLOOKUP(D12,Location!B:E,7,FALSE),"")
A13: 12 | B13: 444 | C13: 02-DWOA-PMN01-01-PIMENTA | D13: 10.79.233.33 | E13: BARREIRO - FURNAS | F13: MGPMN0PP001 | G13: =IFERROR(VLOOKUP(D13,Location!B:E,7,FALSE),"")
... A84: 83 | B84: 1620 | C84: 03-DWOA-CGE01-01-CAMPINA-GRANDE | D84: 10.67.152.26 | E84: 12.2 Natal (Lagoa Nova) - Mirueira - 2 | F84: PBCGE0PP001 | G84: =IFERROR(VLOOKUP(D84,Location!B:E,7,FALSE),"")
A85: 84 | B85: 1626 | C85: 07-DWOA-SMS01-01-SANTANA-DOS-MATOS | D85: 10.79.243.36 | E85: 12 - Fortaleza - Natal - 4 | G85: =IFERROR(VLOOKUP(D85,Location!B:E,7,FALSE),"")
A86: 85 | B86: 1628 | C86: 08-DWOA-SNZ01-01-SANTA-CRUZ | D86: 10.79.243.36 | E86: 12 - Fortaleza - Natal - 4 | G86: =IFERROR(VLOOKUP(D86,Location!B:E,7,FALSE),"")
A87: 86 | B87: 1631 | C87: 05-DWOA-MRO01-01-MOSSORO | D87: 192.168.103.10 | E87: 12 - Fortaleza - Natal - 3 | F87: RNMRO0PP001 | G87: =IFERROR(VLOOKUP(D87,Location!B:E,7,FALSE),"")
A88: 87 | B88: 1632 | C88: 06-DWOA-ACU01-01-ACU | D88: 192.168.103.10 | E88: 12 - Fortaleza - Natal - 3 | F88: RNACU0PP001 | G88: =IFERROR(VLOOKUP(D88,Location!B:E,7,FALSE),"")
A89: 88 | B89: 1635 | C89: 01-DWRO-FLA01-02-FORTALEZA | D89: 192.168.102.234 | E89: 12 - Fortaleza - Natal - 1 | F89: CEFLA0PP001 | G89: =IFERROR(VLOOKUP(D89,Location!B:E,7,FALSE),"")
A90: 89 | B90: 1636 | C90: 02-DWOA-AAB01-01-ARACOIABA | D90: 192.168.102.234 | E90: 12 - Fortaleza - Natal - 1 | F90: CEAAB0PP001 | G90: =IFERROR(VLOOKUP(D90,Location!B:E,7,FALSE),"")
A91: 90 | B91: 1638 | C91: 03-DWRO-BIU01-01-BANABUIU | D91: 192.168.102.250 | E91: 12 - Fortaleza - Natal - 2 | F91: CEBIU0PP001 | G91: =IFERROR(VLOOKUP(D91,Location!B:E,7,FALSE),"")
A92: 91 | B92: 1639 | C92: 04-DWOA-RUS01-01-RUSSAS | D92: 192.168.102.250 | E92: 12 - Fortaleza - Natal - 2 | F92: CERUS0PP001 | G92: =IFERROR(VLOOKUP(D92,Location!B:E,7,FALSE),"")
A93: 92 | B93: 1641 | C93: 09-DWRO-NTL01-01-NATAL | D93: 192.168.103.26 | E93: 12 - Fortaleza - Natal - 5 | F93: RNNTL0PP001 | G93: =IFERROR(VLOOKUP(D93,Location!B:E,7,FALSE),"")
A94: 93 | B94: 1651 | C94: 01-DWRO-NTL01-02-NATAL | D94: 10.66.0.18 | E94: 12.1 Natal (Lagoa Nova) - Natal - 1 | F94: RNNTL0PP001 | G94: =IFERROR(VLOOKUP(D94,Location!B:E,7,FALSE),"")
A95: 94 | B95: 1652 | C95: 02-DWDT-NTL02-01-LAGOA-NOVA | D95: 10.66.0.18 | E95: 12.1 Natal (Lagoa Nova) - Natal - 1 | F95: RNNTL0PP002 | G95: =IFERROR(VLOOKUP(D95,Location!B:E,7,FALSE),"")
A96: 95 | B96: 1655 | C96: 01-DWDT-NTL02-02-LAGOA-NOVA | D96: 10.66.0.26 | E96: 12.2 Natal (Lagoa Nova) - Mirueira - 1 | F96: RNNTL0PP002 | G96: =IFERROR(VLOOKUP(D96,Location!B:E,7,FALSE),"")
A97: 96 | B97: 1656 | C97: 02-DWOA-TAM01-01-CAMPO-DE-SANTANA | D97: 10.66.0.26 | E97: 12.2 Natal (Lagoa Nova) - Mirueira - 1 | F97: PBTAM0PP001 | G97: =IFERROR(VLOOKUP(D97,Location!B:E,7,FALSE),"")
A98: 97 | B98: 1666 | C98: 15-DWRO-MCW01-01-MARACANAU | D98: 10.79.118.33 | E98: 13.1 - IMPERATRIZ - MARACANAU 7 | F98: CEMCW0PP001 | G98: =IFERROR(VLOOKUP(D98,Location!B:E,7,FALSE),"")
... A128: 127 | B128: 1853 | C128: 01-DWRO-FLA01-03-FORTALEZA | D128: 10.79.118.66 | E128: 13.2.1 - METRO - FORTALEZA - CASTELAO 1 | F128: CEFLA0PP001 | G128: =IFERROR(VLOOKUP(D128,Location!B:E,7,FALSE),"")
A129: 128 | B129: 1854 | C129: 02-DWTR-FLA03-02-CASTELAO | D129: 10.79.118.66 | E129: 13.2.1 - METRO - FORTALEZA - CASTELAO 1 | G129: =IFERROR(VLOOKUP(D129,Location!B:E,7,FALSE),"")
A130: 129 | B130: 1857 | C130: 04-DWRO-MCW01-03-MARACANAU | D130: 10.79.118.65 | E130: 13.2.1 - METRO - FORTALEZA - CASTELAO 2 | F130: CEMCW0PP001 | G130: =IFERROR(VLOOKUP(D130,Location!B:E,7,FALSE),"")
A131: 130 | B131: 1858 | C131: 03-DWTR-FLA03-01-CASTELAO | D131: 10.79.118.65 | E131: 13.2.1 - METRO - FORTALEZA - CASTELAO 2 | G131: =IFERROR(VLOOKUP(D131,Location!B:E,7,FALSE),"")
A132: 131 | B132: 1884 | C132: 01-DWRO-BSA02-01-SAMAMBAIA | D132: 10.67.226.18 | E132: 02 - Itumbiara_Samambaia 1 | F132: DFBSA0PP002 | G132: =IFERROR(VLOOKUP(D132,Location!B:E,7,FALSE),"")
A133: 132 | B133: 1885 | C133: 02-DWOA-ANS01-01-PIRINEUS | D133: 10.67.226.18 | E133: 02 - Itumbiara_Samambaia 1 | F133: GOANS0PP001 | G133: =IFERROR(VLOOKUP(D133,Location!B:E,7,FALSE),"")
A134: 133 | B134: 1887 | C134: 03-DWRO-ACG01-01-BANDEIRANTES | D134: 10.67.226.20 | E134: 02 - Itumbiara_Samambaia 2 | F134: GOACG0PP001 | G134: =IFERROR(VLOOKUP(D134,Location!B:E,7,FALSE),"")
A135: 134 | B135: 1888 | C135: 04-DWOA-MIH02-01-MORRINHOS | D135: 10.67.226.20 | E135: 02 - Itumbiara_Samambaia 2 | F135: GOMIH0PP002 | G135: =IFERROR(VLOOKUP(D135,Location!B:E,7,FALSE),"")
A136: 135 | B136: 1893 | C136: 01-DWRO-GTI01-03-GRAVATAI-TLB | D136: 10.66.168.34 | E136: 17.3.1 - METRO POA - GRAVATAI TLB - BEIRA RIO | F136: RSGTI0PP001 | G136: =IFERROR(VLOOKUP(D136,Location!B:E,7,FALSE),"")
A137: 136 | B137: 1930 | C137: 02-DWDT-PAE02-01-PROCERGS | D137: 10.66.168.34 | E137: 17.3.1 - METRO POA - GRAVATAI TLB - BEIRA RIO | F137: RSPAE0PM002 | G137: =IFERROR(VLOOKUP(D137,Location!B:E,7,FALSE),"")
A138: 137 | B138: 1896 | C138: 02-DWOA-PRT01-01-PRATA | D138: 10.67.70.18 | E138: 02.1 - Itumbiara_Furnas 1 | F138: MGPRT0PP001 | G138: =IFERROR(VLOOKUP(D138,Location!B:E,7,FALSE),"")
A139: 138 | B139: 1897 | C139: 01-DWRO-ARPO2-01-ITUMBIARA | D139: 10.67.70.18 | E139: 02.1 - Itumbiara_Furnas 1 | F139: MGARPOPP002 | G139: =IFERROR(VLOOKUP(D139,Location!B:E,7,FALSE),"")
A140: 139 | B140: 1899 | C140: 04-DWOA-IVR01-01-MIGUELOPOLIS | D140: 10.79.238.34 | E140: 02.1 - Itumbiara_Furnas 2 | F140: SPIVR0PP001 | G140: =IFERROR(VLOOKUP(D140,Location!B:E,7,FALSE),"")
A141: 140 | B141: 1900 | C141: 03-DWOA-PLU01-01-PORTO-COLOMBIA | D141: 10.79.238.34 | E141: 02.1 - Itumbiara_Furnas 2 | F141: MGPLU0PP001 | G141: =IFERROR(VLOOKUP(D141,Location!B:E,7,FALSE),"")
A142: 141 | B142: 1902 | C142: 05-DWOA-III01-01-MASCARENHAS | D142: 10.67.108.18 | E142: 02.1 - Itumbiara_Furnas 3 | F142: MGIII0PP001 | G142: =IFERROR(VLOOKUP(D142,Location!B:E,7,FALSE),"")
A143: 142 | B143: 1903 | C143: 06-DWRO-SBG01-02-FURNAS | D143: 10.67.108.18 | E143: 02.1 - Itumbiara_Furnas 3 | F143: MGSBG0PP001 | G143: =IFERROR(VLOOKUP(D143,Location!B:E,7,FALSE),"")
... A170: 169 | B170: 4597 | C170: 02-DWRO-CTA01-02-CTA-TLB | D170: 10.66.96.26 | E170: 18.1 - CURITIBA ELS - CURITIBA TLB | F170: PRCTA0PP001 | G170: =IFERROR(VLOOKUP(D170,Location!B:E,7,FALSE),"")
A171: 170 | B171: 2244 | C171: 01-DWTR-SDR01-01-ARENA-FONTE-NOVA-TCR2(DesmobilizadoRECJ-257) | D171: 10.65.252.231 | E171: 15.2 - ARENA FONTE NOVA (SDR) - TIM SDR | G171: =IFERROR(VLOOKUP(D171,Location!B:E,7,FALSE),"")
A172: 171 | B172: 2245 | C172: 02-DWTR-SDR08-01-SALVADOR-TIM-SDR | D172: 10.65.252.231 | E172: 15.2 - ARENA FONTE NOVA (SDR) - TIM SDR | G172: =IFERROR(VLOOKUP(D172,Location!B:E,7,FALSE),"")
A173: 172 | B173: 2252 | C173: 02-DWRO-SPO01-02-GUARULHOS | D173: 10.66.232.42 | E173: 08.2 - Campinas - Adrianopolis 1 | F173: SPSPO0PP001 | G173: =IFERROR(VLOOKUP(D173,Location!B:E,7,FALSE),"")
A174: 173 | B174: 2253 | C174: 01-DWRO-CAS01-04-CAMPINAS | D174: 10.66.232.42 | E174: 08.2 - Campinas - Adrianopolis 1 | F174: SPCAS0PP001 | G174: =IFERROR(VLOOKUP(D174,Location!B:E,7,FALSE),"")
A175: 174 | B175: 2297 | C175: 01-DWRO-MNS04-02-MANAUS-LEXUGA | D175: 10.66.24.26 | E175: 13.4 - Jurupari - Manaus 5 | F175: AMMNS0PP004 | G175: =IFERROR(VLOOKUP(D175,Location!B:E,7,FALSE),"")
A176: 175 | B176: 2298 | C176: 02-DWRO-MNS02-01-ARENA-MANAUS | D176: 10.66.24.26 | E176: 13.4 - Jurupari - Manaus 5 | F176: AMMNS0PP002 | G176: =IFERROR(VLOOKUP(D176,Location!B:E,7,FALSE),"")
A177: 176 | B177: 2300 | C177: 01-DWRO-TESA1-02-TERRA-SANTA | D177: 10.66.16.26 | E177: 13.4 - Jurupari - Manaus 4 | F177: PATESAPP001 | G177: =IFERROR(VLOOKUP(D177,Location!B:E,7,FALSE),"")
A178: 177 | B178: 2301 | C178: 02-DWOA-SKK01-01-SAO-SEBASTIAO-DO-UATUMA | D178: 10.66.16.26 | E178: 13.4 - Jurupari - Manaus 4 | F178: AMSKK0PP001 | G178: =IFERROR(VLOOKUP(D178,Location!B:E,7,FALSE),"")
A179: 178 | B179: 2302 | C179: 03-DWOA-SKV01-01-SILVES | D179: 10.66.16.26 | E179: 13.4 - Jurupari - Manaus 4 | F179: AMSKV0PP001 | G179: =IFERROR(VLOOKUP(D179,Location!B:E,7,FALSE),"")
A180: 179 | B180: 2303 | C180: 04-DWOA-IOT01-01-ITACOATIARA | D180: 10.66.16.26 | E180: 13.4 - Jurupari - Manaus 4 | F180: AMIOT0PP001 | G180: =IFERROR(VLOOKUP(D180,Location!B:E,7,FALSE),"")
A181: 180 | B181: 2304 | C181: 05-DWRO-MNS04-01-MANAUS-LEXUGA | D181: 10.66.16.26 | E181: 13.4 - Jurupari - Manaus 4 | F181: AMMNS0PP004 | G181: =IFERROR(VLOOKUP(D181,Location!B:E,7,FALSE),"")
A182: 181 | B182: 2493 | C182: 09-DWTR-SID02-01-SANTA-MARIA | D182: 10.79.222.33 | E182: 13 - Imperatriz - Santa Maria 4 | F182: PASID0PP002 | G182: =IFERROR(VLOOKUP(D182,Location!B:E,7,FALSE),"")
A183: 182 | B183: 2494 | C183: 01-DWRO-BLM01-02-GUAMA | D183: 10.79.222.33 | E183: 13 - Imperatriz - Santa Maria 4 | F183: PABLM0PP001 | G183: =IFERROR(VLOOKUP(D183,Location!B:E,7,FALSE),"")
A184: 183 | B184: 2496 | C184: 06-DWOA-TLA02-01-TAILANDIA | D184: 10.79.222.2 | E184: 13 - Imperatriz - Santa Maria 3 | F184: PATLA0PP002 | G184: =IFERROR(VLOOKUP(D184,Location!B:E,7,FALSE),"")
... A347: 346 | B347: 5269 | C347: 03-DWDT-JRW01-01-JAURU | D347: 192.168.101.26 | E347: 07.5.1 - Coxipó - Jaurú | F347: MTJRW0PP001 | G347: =IFERROR(VLOOKUP(D347,Location!B:E,7,FALSE),"")
A348: 347 | B348: 5302 | C348: BSA_TESTE | D348: 10.66.222.50 | E348: 10.66.222.50 | G348: =IFERROR(VLOOKUP(D348,Location!B:E,7,FALSE),"")
A349: 348 | B349: 5371 | C349: 01-DWRO-BHE02-02-PRODABEL | D349: 10.66.246.18 | E349: 14.3 - PRODABEL - BHE RNP | F349: MGBHE0PM002 | G349: =IFERROR(VLOOKUP(D349,Location!B:E,7,FALSE),"")
A350: 349 | B350: 5372 | C350: 02-DWTR-BHE10-01-BHE-RNP | D350: 10.66.246.18 | E350: 14.3 - PRODABEL - BHE RNP | F350: MGBHE0PM010 | G350: =IFERROR(VLOOKUP(D350,Location!B:E,7,FALSE),"")
A351: 350 | B351: 5444 | C351: 05-DWRO-CRI04-02-COARI-EXÉRCITO | D351: 192.168.102.106 | E351: 25.1 - Rede Exercícito Manaus - Coari | G351: =IFERROR(VLOOKUP(D351,Location!B:E,7,FALSE),"")
A352: 351 | B352: 5446 | C352: NE 5 | D352: 192.168.102.106 | E352: 192.168.102.106 | G352: =IFERROR(VLOOKUP(D352,Location!B:E,7,FALSE),"")
A353: 352 | B353: 5447 | C353: 06-DWRO-TFE01-01-TEFE-EXÉRCITO | D353: 192.168.102.106 | E353: 25.1 - Rede Exercícito Manaus - Coari | G353: =IFERROR(VLOOKUP(D353,Location!B:E,7,FALSE),"")
A354: 353 | B354: 5449 | C354: NE 4 | D354: 192.168.102.106 | E354: 192.168.102.106 | G354: =IFERROR(VLOOKUP(D354,Location!B:E,7,FALSE),"")
A355: 354 | B355: 5451 | C355: 06-DWRO-TFE01-01-TEFE-EXÉRCITO | D355: 192.168.102.106 | E355: 192.168.102.106 | G355: =IFERROR(VLOOKUP(D355,Location!B:E,7,FALSE),"")
A356: 355 | B356: 5453 | C356: 05-DWRO-CRI04-02-COARI-EXÉRCITO | D356: 192.168.102.98 | E356: 192.168.102.98 | G356: =IFERROR(VLOOKUP(D356,Location!B:E,7,FALSE),"")
A357: 356 | B357: 5455 | C357: NE 4 | D357: 192.168.102.98 | E357: 192.168.102.98 | G357: =IFERROR(VLOOKUP(D357,Location!B:E,7,FALSE),"")
A358: 357 | B358: 5457 | C358: NE 4 | D358: 192.168.102.98 | E358: 192.168.102.98 | G358: =IFERROR(VLOOKUP(D358,Location!B:E,7,FALSE),"")
A359: 358 | B359: 5459 | C359: NE 4 | D359: 192.168.102.98 | E359: 192.168.102.98 | G359: =IFERROR(VLOOKUP(D359,Location!B:E,7,FALSE),"")
A360: 359 | B360: 5463 | C360: NE 4 | D360: 192.168.149.2 | E360: 192.168.149.2 | G360: =IFERROR(VLOOKUP(D360,Location!B:E,7,FALSE),"")
A361: 360 | B361: 5465 | C361: 02-DWRO-MNS08-02-MANAUS-EXERCITO | D361: 10.67.132.50 | E361: Exército - Manaus - Manacapuru | G361: =IFERROR(VLOOKUP(D361,Location!B:E,7,FALSE),"")
A362: 361 | B362: 5470 | C362: srouter | D362: 10.67.140.18 | E362: 15.1 - CAMAÇARI - ARENA FONTE NOVA | G362: =IFERROR(VLOOKUP(D362,Location!B:E,7,FALSE),"")
... A421: 420 | B421: 5583 | C421: 01-DWRO-JBO01-01-JABOATAO | D421: 10.67.138.18 | E421: 09.1 - Recife - Camaçari - 5 | G421: =IFERROR(VLOOKUP(D421,Location!B:E,7,FALSE),"")
A422: 421 | B422: 5616 | C422: 06-DWOA-ROI03-01-RONDONOPOLIS | D422: 10.66.152.18 | E422: 07.3 - Rio Verde - Coxipo | F422: MTROI0PP003 | G422: =IFERROR(VLOOKUP(D422,Location!B:E,7,FALSE),"")
A423: 422 | B423: 5646 | C423: 04-DWOA-IOT01-01-ITACOATIARA | D423: 10.67.6.18 | E423: 25 - MANAUS - COARI - 01 | G423: =IFERROR(VLOOKUP(D423,Location!B:E,7,FALSE),"")
A424: 423 | B424: 5693 | C424: CQ | D424: 10.66.106.26 | E424: 27.0 - CAMPO GRANDE-TELEPORTO-COXIPÓ | G424: =IFERROR(VLOOKUP(D424,Location!B:E,7,FALSE),"")
A425: 424 | B425: 5697 | C425: CQ.. | D425: 10.66.222.34 | E425: 01.4 - Brasilia Geral <> Paraiso - 1 | G425: =IFERROR(VLOOKUP(D425,Location!B:E,7,FALSE),"")
A426: 425 | B426: 5707 | C426: srouter | D426: 10.67.26.26 | E426: 15.4 - TELEPORTO - MATATU | G426: =IFERROR(VLOOKUP(D426,Location!B:E,7,FALSE),"")
A427: 426 | B427: 5717 | C427: 01-DWDT-VHA01-01-VILHENA | D427: 10.67.30.18 | E427: 23 - VILHENA-PORTO VELHO 1 | G427: =IFERROR(VLOOKUP(D427,Location!B:E,7,FALSE),"")
A428: 427 | B428: 5718 | C428: 02-DWOA-PBW01-01-PIMENTA-BUENO | D428: 10.67.30.18 | E428: 23 - VILHENA-PORTO VELHO 1 | G428: =IFERROR(VLOOKUP(D428,Location!B:E,7,FALSE),"")
A429: 428 | B429: 5719 | C429: 05-DWOA-AQS01-01-ARIQUEMES | D429: 10.67.34.18 | E429: 23 - VILHENA-PORTO VELHO 3 | G429: =IFERROR(VLOOKUP(D429,Location!B:E,7,FALSE),"")
A430: 429 | B430: 5720 | C430: 05-DWOA-AQS01-01-ARIQUEMES | D430: 10.67.34.18 | E430: 23 - VILHENA-PORTO VELHO 3 | G430: =IFERROR(VLOOKUP(D430,Location!B:E,7,FALSE),"")
A431: 430 | B431: 5721 | C431: 01-DWDT-VHA01-01-VILHENA | D431: 10.67.34.18 | E431: 23 - VILHENA-PORTO VELHO 3 | G431: =IFERROR(VLOOKUP(D431,Location!B:E,7,FALSE),"")
A432: 431 | B432: 5722 | C432: 01-DWDT-VHA01-01-VILHENA | D432: 10.67.34.18 | E432: 23 - VILHENA-PORTO VELHO 3 | G432: =IFERROR(VLOOKUP(D432,Location!B:E,7,FALSE),"")
A433: 432 | B433: 5723 | C433: 02-DWOA-PBW01-01-PIMENTA-BUENO | D433: 10.67.30.18 | E433: 23 - VILHENA-PORTO VELHO 1 | G433: =IFERROR(VLOOKUP(D433,Location!B:E,7,FALSE),"")
A434: 433 | B434: 5724 | C434: 01-DWDT-VHA01-01-VILHENA | D434: 10.67.30.18 | E434: 23 - VILHENA-PORTO VELHO 1 | G434: =IFERROR(VLOOKUP(D434,Location!B:E,7,FALSE),"")
... A439: 438 | B439: 5736 | C439: srouter | D439: 192.168.102.234 | E439: 12 - Fortaleza - Natal - 1 | G439: =IFERROR(VLOOKUP(D439,Location!B:E,7,FALSE),"")
